reference,collectionTitle,productTitle,caseWidth,materials,prices,Limitation
26398BC.OO.D002CR.02,Code 11.59 by Audemars Piguet,Ultra-Complication Universelle (RD#4),42,18-carat white gold,1950000,
26398BC.OO.D002CR.04,Code 11.59 by Audemars Piguet,Ultra-Complication Universelle (RD#4),42,18-carat white gold,Price on Request,
26398BC.OO.D002CR.99,Code 11.59 by Audemars Piguet,Ultra-Complication Universelle (RD#4),42,18-carat white gold,Price on Request,
26398OR.OO.D002CR.99,Code 11.59 by Audemars Piguet,Ultra-Complication Universelle (RD#4),42,18-carat pink gold,Price on Request,
26600NB.OO.D346KB.01,Code 11.59 by Audemars Piguet,Tourbillon Openworked,41,Blue ceramic,Price on Request,
26397NB.OO.D002KB.01,Code 11.59 by Audemars Piguet,Grande Sonnerie Carillon Supersonnerie,41,Black ceramic,Price on Request,
26397NR.OO.D002KB.01,Code 11.59 by Audemars Piguet,Grande Sonnerie Carillon Supersonnerie,41,Black ceramic,Price on Request,
26397QA.OO.D002KB.01,Code 11.59 by Audemars Piguet,Grande Sonnerie Carillon Supersonnerie,41,Black ceramic,Price on Request,
26395NR.OO.D002KB.01,Code 11.59 by Audemars Piguet,Minute Repeater Supersonnerie,41,Black ceramic,390000,
26399NR.OO.D002KB.01,Code 11.59 by Audemars Piguet,Selfwinding Flying Tourbillon Chronograph,41,Black ceramic,Price on Request,
26396NB.OO.D002KB.01,Code 11.59 by Audemars Piguet,Selfwinding Flying Tourbillon,41,Black ceramic,Price on Request,
26396NR.OO.D002KB.01,Code 11.59 by Audemars Piguet,Selfwinding Flying Tourbillon,41,Black ceramic,176500,
15210BC.ZZ.D128CR.01,Code 11.59 by Audemars Piguet,Selfwinding,41,18-carat white gold,Price on Request,
15210OR.ZZ.D208CR.01,Code 11.59 by Audemars Piguet,Selfwinding,41,18-carat pink gold,Price on Request,
26605CB.OO.1248CB.01,Royal Oak,Grande Complication,44,White ceramic,Price on Request,
26605CE.OO.1248CE.01,Royal Oak,Grande Complication,44,Black ceramic,Price on Request,
26591CE.OO.D002CA.01,Royal Oak,Minute Repeater Supersonnerie,42,Black ceramic,Price on Request,
26591CE.OO.D002CA.02,Royal Oak,Minute Repeater Supersonnerie,42,Black ceramic,Price on Request,
26591IP.OO.1252IP.01,Royal Oak,Minute Repeater Supersonnerie,42,Titanium,Price on Request,
26591TI.OO.1252TI.03,Royal Oak,Minute Repeater Supersonnerie,42,Titanium,Price on Request,
26730BC.ZZ.1320BC.01,Royal Oak,Selfwinding Flying Tourbillon,41,18-carat white gold,Price on Request,
26730BC.ZZ.1320BC.02,Royal Oak,Selfwinding Flying Tourbillon,41,18-carat white gold,Price on Request,
26730OR.GG.1320OR.01,Royal Oak,Selfwinding Flying Tourbillon,41,18-carat pink gold,Price on Request,
26730OR.OO.1320OR.02,Royal Oak,Selfwinding Flying Tourbillon,41,18-carat pink gold,Price on Request,
26730OR.OO.1320OR.05,Royal Oak,Selfwinding Flying Tourbillon,41,18-carat pink gold,Price on Request,
26730ST.OO.1320ST.02,Royal Oak,Selfwinding Flying Tourbillon,41,Stainless steel,Price on Request,
26730ST.OO.1320ST.05,Royal Oak,Selfwinding Flying Tourbillon,41,Stainless steel,Price on Request,
26730ST.OO.1320ST.06,Royal Oak,Selfwinding Flying Tourbillon,41,Stainless steel,Price on Request,
26730TI.OO.1320TI.02,Royal Oak,Selfwinding Flying Tourbillon,41,Titanium,Price on Request,
26730TI.OO.1320TI.04,Royal Oak,Selfwinding Flying Tourbillon,41,Titanium,Price on Request,
26735SG.OO.1320SG.01,Royal Oak,Selfwinding Flying Tourbillon Openworked,41,18-carat sand gold,Price on Request,
26735ST.OO.1320ST.02,Royal Oak,Selfwinding Flying Tourbillon Openworked,41,Stainless steel,Price on Request,
26574BC.GG.1224BC.01,Royal Oak,Frosted Gold Perpetual Calendar,41,18-carat white gold,Price on Request,
26574BC.OO.1220BC.01,Royal Oak,Perpetual Calendar,41,18-carat white gold,Price on Request,
26574BC.OO.1220BC.02,Royal Oak,Perpetual Calendar “John Mayer” Limited Edition,41,18-carat white gold,Price on Request,
26574OR.OO.1220OR.03,Royal Oak,Perpetual Calendar,41,18-carat pink gold,Price on Request,
26579CS.OO.1225CS.01,Royal Oak,Perpetual Calendar,41,Blue ceramic,Price on Request,
26585CE.OO.1225CE.01,Royal Oak,Perpetual Calendar Openworked,41,Black ceramic,Price on Request,
26585CM.OO.D301VE.01,Royal Oak,"Perpetual Calendar Openworked ""Cactus Jack""",41,Brown ceramic,Price on Request,
26586TI.OO.1240TI.01,Royal Oak,Perpetual Calendar Ultra-Thin,41,Titanium,165000,200
26598BC.ZZ.1220BC.01,Royal Oak,Perpetual Calendar,41,18-carat white gold,Price on Request,
26625BC.ZZ.1223BC.02,Royal Oak,Perpetual Calendar,41,18-carat white gold,Price on Request,
26240BC.SS.1320BC.01,Royal Oak,Selfwinding Chronograph,41,18-carat white gold,Price on Request,
26242OR.ZZ.1322OR.02,Royal Oak,Selfwinding Chronograph,41,18-carat pink gold,Price on Request,
15412BA.YG.1224BA.01-B,Royal Oak,Frosted Gold Double Balance Wheel Openworked,41,18-carat yellow gold,Price on Request,
15412BC.SS.1220BC.02,Royal Oak,Double Balance Wheel Openworked,41,18-carat white gold,Price on Request,
15412BC.YG.1224BC.03-B,Royal Oak,Frosted Gold Double Balance Wheel Openworked,41,18-carat white gold,Price on Request,
15412OR.YG.1224OR.01-B,Royal Oak,Frosted Gold Double Balance Wheel Openworked,41,18-carat pink gold,Price on Request,
15417OR.ZZ.1267OR.01.A,Royal Oak,Double Balance Wheel Openworked,41,18-carat pink gold,Price on Request,
26670ST.OO.1240ST.02,Royal Oak,Selfwinding Flying Tourbillon Extra-Thin (RD#3),39,Stainless steel,Price on Request,
16202BA.HH.1241BA.01,Royal Oak,“Jumbo” Extra-Thin,39,18-carat yellow gold,Price on Request,
16202BC.ZZ.1241BC.01,Royal Oak,“Jumbo” Extra-Thin,39,18-carat white gold,Price on Request,
16202BC.ZZ.1241BC.02,Royal Oak,“Jumbo” Extra-Thin,39,18-carat white gold,Price on Request,
16204BA.OO.1240BA.01,Royal Oak,“Jumbo” Extra-Thin Openworked,39,18-carat yellow gold,Price on Request,
16204BC.OO.1240BC.01,Royal Oak,“Jumbo” Extra-Thin Openworked,39,18-carat white gold,Price on Request,
16204OR.OO.1240OR.03,Royal Oak,"""Jumbo"" Extra-Thin Openworked",39,18-carat pink gold,Price on Request,
26715BC.ZZ.1356BC.01,Royal Oak,Selfwinding Chronograph,38,18-carat white gold,Price on Request,
26715BC.ZZ.1356BC.02,Royal Oak,Selfwinding Chronograph,38,18-carat white gold,Price on Request,
26715OR.ZZ.1356OR.02,Royal Oak,Selfwinding Chronograph,38,18-carat pink gold,Price on Request,
26660BC.ZZ.1356BC.01,Royal Oak,Selfwinding Flying Tourbillon Extra-Thin RD#3,37,18-carat white gold,Price on Request,
26660ST.OO.1356ST.02,Royal Oak,Selfwinding Flying Tourbillon Extra-Thin (RD#3),37,Stainless steel,Price on Request,
15551BC.ZZ.1356BC.01,Royal Oak,Selfwinding,37,18-carat white gold,Price on Request,
15468BA.YG.1259BA.01-B,Royal Oak,Frosted Gold Double Balance Wheel Openworked,37,18-carat yellow gold,Price on Request,
15468BC.YG.1259BC.01-B,Royal Oak,Frosted Gold Double Balance Wheel Openworked,37,18-carat white gold,Price on Request,
15468OR.YG.1259OR.01-B,Royal Oak,Frosted Gold Double Balance Wheel Openworked,37,18-carat pink gold,Price on Request,
15469BC.ZZ.1260BC.01-A,Royal Oak,Double Balance Wheel Openworked,37,18-carat white gold,Price on Request,
15552BC.ZZ.1358BC.01,Royal Oak,Selfwinding,37,18-carat white gold,Price on Request,
15552OR.ZZ.1358OR.01,Royal Oak,Selfwinding,37,18-carat pink gold,Price on Request,
77451BC.ZZ.1261BC.01,Royal Oak,Selfwinding,34,18-carat white gold,Price on Request,
77452BC.ZZ.1365BC.01,Royal Oak,Selfwinding,34,18-carat white gold,Price on Request,
77452OR.ZZ.1365OR.01,Royal Oak,Selfwinding,34,18-carat pink gold,Price on Request,
26582CB.OO.A010CA.01,Royal Oak Offshore,Grande Complication,44,White ceramic,Price on Request,
26582CE.OO.A002CA.01,Royal Oak Offshore,Grande Complication,44,Ceramic,Price on Request,
26622CE.OO.D002CA.01,Royal Oak Offshore,Selfwinding Tourbillon Chronograph,43,Black ceramic,Price on Request,
26622CE.OO.D002CA.02,Royal Oak Offshore,Selfwinding Tourbillon Chronograph,43,Black ceramic,Price on Request,
26622CE.OO.D062CA.01,Royal Oak Offshore,Selfwinding Flying Tourbillon Chronograph,43,Black ceramic,341000,100
26423BC.ZZ.2100BC.01,Royal Oak Offshore,Selfwinding Chronograph,43,18-carat white gold,Price on Request,
26423BC.ZZ.D002CA.01,Royal Oak Offshore,Selfwinding Chronograph,43,18-carat white gold,Price on Request,
26424BC.ZZ.D002CA.01,Royal Oak Offshore,Selfwinding Chronograph,43,18-carat white gold,Price on Request,
26425BC.ZZ.D002CA.01,Royal Oak Offshore,Selfwinding Chronograph,43,18-carat white gold,Price on Request,
26425BC.ZZ.8045BC.01,Royal Oak Offshore,Selfwinding Chronograph,43,18-carat white gold,Price on Request,
26425BC.ZZ.D002CA.02,Royal Oak Offshore,Selfwinding Chronograph,43,18-carat white gold,Price on Request,
15601BC.YY.D343CA.01,Royal Oak Offshore,Selfwinding - Music Edition,43,18-carat white gold,Price on Request,
77601BC.YY.D343CA.01,Royal Oak Offshore,Selfwinding - Music Edition,37,18-carat white gold,Price on Request,
26589IO.OO.D056CA.01,Royal Oak Concept,Flying Tourbillon GMT,44,Titanium,Price on Request,
26589IO.OO.D500CA.01,Royal Oak Concept,Flying Tourbillon GMT,44,Titanium,Price on Request,
26577IO.OO.D002CA.01,Royal Oak Concept,Minute Repeater Supersonnerie,44,Titanium,Price on Request,
26650TI.OO.D013CA.01,Royal Oak Concept,Split Second Chronograph GMT Large Date,43,Titanium,205000,
26631IO.OO.D002CA.01,Royal Oak Concept,"Tourbillon ""Spider-Man""",42,Titanium,Price on Request,
26632CN.OO.D100CA.01,Royal Oak Concept,"Tourbillon ""Black Suit Spider-Man"" ",42,18-carat white gold,Price on Request,
26227BC.SS.D314CR.01,Royal Oak Concept,Flying Tourbillon,38.5,18-carat white gold,Price on Request,
26227BC.SS.D326CR.01,Royal Oak Concept,Flying Tourbillon,38.5,18-carat white gold,Price on Request,
26227BC.YY.D326CR.01-A,Royal Oak Concept,Flying Tourbillon,38.5,18-carat white gold,Price on Request,
26227BC.ZZ.D011CR.01,Royal Oak Concept,Flying Tourbillon,38.5,18-carat white gold,Price on Request,
26228BC.SS.D314CR.01,Royal Oak Concept,Flying Tourbillon,38.5,18-carat white gold,Price on Request,
26228BC.ZZ.D011CR.01,Royal Oak Concept,Flying Tourbillon,38.5,18-carat white gold,Price on Request,
26228OR.SS.D314CR.01,Royal Oak Concept,Flying Tourbillon,38.5,18-carat pink gold,Price on Request,
26630OR.GG.D626CR.01,Royal Oak Concept,Flying Tourbillon “Tamara Ralph” Limited Edition,38.5,18-carat pink gold,Price on Request,
26238BA.OO.2000BA.01,Royal Oak Offshore,Selfwinding Chronograph,42,18-carat yellow gold,"100,000",
26238BC.OO.2000BC.01,Royal Oak Offshore,Selfwinding Chronograph,42,18-carat white gold,"100,000",
26236BA.YY.D346CA.01,Royal Oak Offshore,Selfwinding Chronograph,37,18-carat yellow gold,"99,500",
26236OR.YY.D002CA.01,Royal Oak Offshore,Selfwinding Chronograph,37,18-carat pink gold,"99,500",
26394BC.OO.D027KB.01,Code 11.59 by Audemars Piguet,Perpetual Calendar,41,18-carat white gold,"95,200",
26394OR.OO.D027KB.01,Code 11.59 by Audemars Piguet,Perpetual Calendar,41,18-carat pink gold,"95,200",
26574ST.OO.1220ST.03,Royal Oak,Perpetual Calendar,41,Stainless steel,"95,200",
15407OR.OO.1220OR.01,Royal Oak,Double Balance Wheel Openworked,41,18-carat pink gold,"88,000",
15416CE.OO.1225CE.01,Royal Oak,Double Balance Wheel Openworked,41,Black ceramic,"88,000",
15466BC.GG.1259BC.01,Royal Oak,Double Balance Wheel Openworked,37,18-carat white gold,"87,100",
16202XT.OO.1240XT.01,Royal Oak,“Jumbo” Extra-Thin,39,Titanium,"86,500",
26240BC.OO.1320BC.01,Royal Oak,Selfwinding Chronograph,41,18-carat white gold,"84,400",
26319OR.AY.1256OR.01,Royal Oak,Selfwinding Chronograph,38,18-carat pink gold,"83,500",
26240BC.GG.1324BC.02,Royal Oak,Selfwinding Chronograph,41,18-carat white gold,"81,700",
26240BA.OO.1320BA.01,Royal Oak,Selfwinding Chronograph,41,18-carat yellow gold,"81,100",
26238OR.OO.2000OR.01,Royal Oak Offshore,Selfwinding Chronograph,42,18-carat pink gold,"81,100",
15467OR.OO.1256OR.01,Royal Oak,Double Balance Wheel Openworked,37,18-carat pink gold,"78,500",
67656BC.ZZ.1261BC.01,Royal Oak,Quartz,33,18-carat white gold,"76,700",
67656OR.ZZ.1261OR.01,Royal Oak,Quartz,33,18-carat pink gold,"76,700",
26238CE.OO.1300CE.01,Royal Oak Offshore,Selfwinding Chronograph,42,Black ceramic,"75,700",
26393BC.OO.A002KB.02,Code 11.59 by Audemars Piguet,Selfwinding Chronograph,41,18-carat white gold,"74,500",
26240BC.GG.1324BC.01,Royal Oak,Selfwinding Chronograph,41,18-carat white gold,"73,200",
16202BA.OO.1240BA.02,Royal Oak,"""Jumbo"" Extra-Thin",39,18-carat yellow gold,"70,300",
16202BC.OO.1240BC.02,Royal Oak,“Jumbo” Extra-Thin,39,18-carat white gold,"70,300",
16202OR.OO.1240OR.02,Royal Oak,"""Jumbo"" Extra-Thin",39,18-carat pink gold,"70,300",
26240BA.OO.1320BA.02,Royal Oak,Selfwinding Chronograph,41,18-carat yellow gold,"68,200",
26240CE.OO.1225CE.02,Royal Oak,Selfwinding Chronograph,41,Black ceramic,"68,200",
26240OR.OO.1320OR.05,Royal Oak,Selfwinding Chronograph,41,18-carat pink gold,"68,200",
26240OR.OO.1320OR.06,Royal Oak,Selfwinding Chronograph,41,18-carat pink gold,"68,200",
26240OR.OO.1320OR.07,Royal Oak,Selfwinding Chronograph,41,18-carat pink gold,"68,200",
26240OR.OO.1320OR.08,Royal Oak,Selfwinding Chronograph,41,18-carat pink gold,"68,200",
26715OR.ZZ.1356OR.01,Royal Oak,Selfwinding Chronograph,38,18-carat pink gold,"67,100",
15407ST.OO.1220ST.01,Royal Oak,Double Balance Wheel Openworked,41,Stainless steel,"66,500",
15550BA.OO.1356BA.02,Royal Oak,Selfwinding,37,18-carat yellow gold,"66,000",
67656BC.GR.1261BC.01,Royal Oak,Quartz,33,18-carat white gold,"65,300",
67656OR.GR.1261OR.01,Royal Oak,Quartz,33,18-carat pink gold,"65,300",
15551BC.ZZ.1356BC.02,Royal Oak,Selfwinding,37,18-carat white gold,"64,900",
26715OR.OO.1356OR.01,Royal Oak,Selfwinding Chronograph,38,18-carat pink gold,"61,700",
15550BA.GG.1356BA.01,Royal Oak,Frosted Gold Selfwinding,37,18-carat yellow gold,"59,500",
15551BC.ZZ.D405CR.01,Royal Oak,Selfwinding,37,18-carat white gold,"59,200",
15551OR.ZS.D344CR.01,Royal Oak,Selfwinding,37,18-carat pink gold,"59,200",
15510BC.OO.1320BC.02,Royal Oak,Selfwinding,41,18-carat white gold,"57,300",
15510OR.OO.1320OR.03,Royal Oak,Selfwinding,41,18-carat pink gold,"57,300",
15510OR.OO.1320OR.04,Royal Oak,Selfwinding,41,18-carat pink gold,"57,300",
15551OR.ZZ.1356OR.04,Royal Oak,Selfwinding,37,18-carat pink gold,"57,300",
15551OR.ZZ.1356OR.05,Royal Oak,Selfwinding,37,18-carat pink gold,"57,300",
15551OR.ZZ.1356OR.06,Royal Oak,Selfwinding,37,18-carat pink gold,"57,300",
15210BC.OO.A021CR.01,Code 11.59 by Audemars Piguet,Selfwinding,41,18-carat white gold,"55,400",
15550BA.OO.1356BA.01,Royal Oak,Selfwinding,37,18-carat yellow gold,"55,200",
77353BC.GG.1263BC.01,Royal Oak,Frosted Gold Selfwinding,34,18-carat white gold,"54,100",
26420CE.OO.A005VE.01,Royal Oak Offshore,Selfwinding Chronograph,43,Black ceramic,"54,100",
26420RO.OO.A002CA.01,Royal Oak Offshore,Selfwinding Chronograph,43,18-carat pink gold,"54,100",
26420CE.OO.A127CR.01,Royal Oak Offshore,Selfwinding Chronograph,43,Black ceramic,"53,000",
15212NB.OO.A002KB.01,Code 11.59 by Audemars Piguet,Starwheel,41,Black ceramic,"51,900",
77451OR.ZZ.1361OR.03,Royal Oak,Selfwinding,34,18-carat pink gold,"51,900",
77451OR.ZZ.1361OR.04,Royal Oak,Selfwinding,34,18-carat pink gold,"51,900",
26420OI.OO.A015VE.01,Royal Oak Offshore,Selfwinding Chronograph,43,18-carat pink gold,"51,900",
26231OR.ZZ.A085CA.01,Royal Oak Offshore,Selfwinding Chronograph,37,18-carat pink gold,"51,900",
77350CE.OO.1266CE.02.A,Royal Oak,Selfwinding,34,Black ceramic,"51,200",
26420CE.OO.A043VE.01,Royal Oak Offshore,Selfwinding Chronograph,43,Black ceramic,"50,900",
26238OK.OO.A002CA.01,Royal Oak Offshore,Selfwinding Chronograph,42,18-carat pink gold,"49,800",
26231OR.ZZ.D003CA.01,Royal Oak Offshore,Selfwinding Chronograph,37,18-carat pink gold,"49,800",
77350CB.OO.1266CB.01,Royal Oak,Selfwinding,34,White ceramic,"47,600",
77350CE.OO.1266CE.03.A,Royal Oak,Selfwinding,34,Black ceramic,"47,600",
77450OR.OO.1361OR.01,Royal Oak,Selfwinding,34,18-carat pink gold,"47,600",
26240OR.OO.D002CR.02,Royal Oak,Selfwinding Chronograph,41,18-carat pink gold,"46,500",
26240OR.OO.D315CR.02,Royal Oak,Selfwinding Chronograph,41,18-carat pink gold,"46,500",
26240OR.OO.D404CR.02,Royal Oak,Selfwinding Chronograph,41,18-carat pink gold,"46,500",
26240SA.OO.1320SA.01,Royal Oak,Selfwinding Chronograph,41,Stainless steel,"45,500",
67651BC.ZZ.1261BC.01,Royal Oak,Quartz,33,18-carat white gold,"45,500",
67651OR.ZZ.1261OR.06,Royal Oak,Quartz,33,18-carat pink gold,"45,500",
15210BC.OO.A002KB.02,Code 11.59 by Audemars Piguet,Selfwinding,41,18-carat white gold,"44,400",
26393BC.OO.A002KB.01,Code 11.59 by Audemars Piguet,Selfwinding Chronograph,41,18-carat white gold,"43,300",
26393CR.OO.A002KB.01,Code 11.59 by Audemars Piguet,Selfwinding Chronograph,41,18-carat pink gold,"43,300",
26393CR.OO.A008KB.01,Code 11.59 by Audemars Piguet,Selfwinding Chronograph,41,18-carat pink gold,"43,300",
26393NB.OO.A002KB.01,Code 11.59 by Audemars Piguet,Selfwinding Chronograph,41,Black ceramic,"43,300",
26393NR.OO.A002KB.01,Code 11.59 by Audemars Piguet,Selfwinding Chronograph,41,Black ceramic,"43,300",
26393NR.OO.A002KB.02,Code 11.59 by Audemars Piguet,Selfwinding Chronograph,41,Black ceramic,"43,300",
26393OR.OO.A002KB.01,Code 11.59 by Audemars Piguet,Selfwinding Chronograph,41,18-carat pink gold,"43,300",
26393OR.OO.A002KB.02,Code 11.59 by Audemars Piguet,Selfwinding Chronograph,41,18-carat pink gold,"43,300",
26393OR.OO.A002KB.03,Code 11.59 by Audemars Piguet,Selfwinding Chronograph,41,18-carat pink gold,"43,300",
26393OR.OO.A027KB.01,Code 11.59 by Audemars Piguet,Selfwinding Chronograph,41,18-carat pink gold,"43,300",
26393OR.OO.A056KB.01,Code 11.59 by Audemars Piguet,Selfwinding Chronograph,41,18-carat pink gold,"43,300",
26393OR.OO.A348KB.01,Code 11.59 by Audemars Piguet,Selfwinding Chronograph,41,18-carat pink gold,"43,300",
67651OR.ZZ.1261OR.02,Royal Oak,Quartz,33,18-carat pink gold,"43,300",
26238ST.OO.2000ST.01,Royal Oak Offshore,Selfwinding Chronograph,42,Stainless steel,"40,600",
26238TI.OO.2000TI.01,Royal Oak Offshore,Selfwinding Chronograph,42,Titanium,"40,600",
15600CE.OO.A002CA.01,Royal Oak Offshore,Selfwinding - Music Edition,43,Black ceramic,"40,000",
15510OR.OO.D002CR.02,Royal Oak,Selfwinding,41,18-carat pink gold,"37,900",
15510OR.OO.D315CR.02,Royal Oak,Selfwinding,41,18-carat pink gold,"37,900",
26715ST.ZZ.1356ST.01,Royal Oak,Selfwinding Chronograph,38,Stainless steel,"37,900",
77600CE.OO.A002CA.01,Royal Oak Offshore,Selfwinding - Music Edition,37,Black ceramic,"37,900",
26420IO.OO.A009CA.01,Royal Oak Offshore,Selfwinding Chronograph,43,Titanium,"37,300",
26420SO.OO.A002CA.01,Royal Oak Offshore,Selfwinding Chronograph,43,Stainless steel,"37,300",
26420SO.OO.A600CA.01,Royal Oak Offshore,Selfwinding Chronograph,43,Stainless steel,"37,300",
26231ST.ZZ.A178CA.01,Royal Oak Offshore,Selfwinding Chronograph,37,Stainless steel,"36,400",
26420TI.OO.A027CA.01,Royal Oak Offshore,Selfwinding Chronograph,43,Titanium,"36,300",
26238ST.OO.A340CA.01,Royal Oak Offshore,Selfwinding Chronograph,42,Stainless steel,"34,100",
26238TI.OO.A056CA.01,Royal Oak Offshore,Selfwinding Chronograph,42,Titanium,"34,100",
26231ST.ZZ.D002CA.01,Royal Oak Offshore,Selfwinding Chronograph,37,Stainless steel,"33,900",
26231ST.ZZ.D010CA.01.A,Royal Oak Offshore,Selfwinding Chronograph,37,Stainless steel,"33,900",
26231ST.ZZ.D027CA.01,Royal Oak Offshore,Selfwinding Chronograph,37,Stainless steel,"33,900",
26393QT.OO.A064KB.01,Code 11.59 by Audemars Piguet,Selfwinding Chronograph,41,Black ceramic,"33,600",
26240ST.OO.1320ST.05,Royal Oak,Selfwinding Chronograph,41,Stainless steel,"33,600",
26240ST.OO.1320ST.06,Royal Oak,Selfwinding Chronograph,41,Stainless steel,"33,600",
26240ST.OO.1320ST.07,Royal Oak,Selfwinding Chronograph,41,Stainless steel,"33,600",
26240ST.OO.1320ST.08,Royal Oak,Selfwinding Chronograph,41,Stainless steel,"33,600",
26715ST.OO.1356ST.01,Royal Oak,Selfwinding Chronograph,38,Stainless steel,"32,500",
26715ST.OO.1356ST.02,Royal Oak,Selfwinding Chronograph,38,Stainless steel,"32,500",
26393ST.OO.A056KB.01,Code 11.59 by Audemars Piguet,Selfwinding Chronograph,41,Stainless steel,"31,400",
26393ST.OO.A348KB.01,Code 11.59 by Audemars Piguet,Selfwinding Chronograph,41,Stainless steel,"31,400",
16202ST.OO.1240ST.02,Royal Oak,"""Jumbo"" Extra-Thin",39,Stainless steel,"31,400",
15210BC.OO.A002KB.01,Code 11.59 by Audemars Piguet,Selfwinding,41,18-carat white gold,"30,900",
15210CR.OO.A002KB.01,Code 11.59 by Audemars Piguet,Selfwinding,41,18-carat pink gold,"30,900",
15210CR.OO.A008KB.01,Code 11.59 by Audemars Piguet,Selfwinding,41,18-carat pink gold,"30,900",
15210OR.OO.A002KB.01,Code 11.59 by Audemars Piguet,Selfwinding,41,18-carat pink gold,"30,900",
15210OR.OO.A002KB.02,Code 11.59 by Audemars Piguet,Selfwinding,41,18-carat pink gold,"30,900",
15210OR.OO.A002KB.03,Code 11.59 by Audemars Piguet,Selfwinding,41,18-carat pink gold,"30,900",
15210OR.OO.A056KB.01,Code 11.59 by Audemars Piguet,Selfwinding,41,18-carat pink gold,"30,900",
15210OR.OO.A348KB.01,Code 11.59 by Audemars Piguet,Selfwinding,41,18-carat pink gold,"30,900",
15600TI.OO.A343CA.01,Royal Oak Offshore,Selfwinding - Music Edition,43,Titanium,"29,900",
77410OR.OO.A342CR.01,Code 11.59 by Audemars Piguet,Selfwinding,38,18-carat pink gold,"29,800",
77410OR.OO.A344CR.01,Code 11.59 by Audemars Piguet,Selfwinding,38,18-carat pink gold,"29,800",
77410OR.OO.A623CR.01,Code 11.59 by Audemars Piguet,Selfwinding,38,18-carat pink gold,"29,800",
77410OR.OO.A825CR.01,Code 11.59 by Audemars Piguet,Selfwinding,38,18-carat pink gold,"29,800",
15551ST.ZZ.1356ST.04,Royal Oak,Selfwinding,37,Stainless steel,"29,200",
15551ST.ZZ.1356ST.05,Royal Oak,Selfwinding,37,Stainless steel,"29,200",
15551ST.ZZ.1356ST.06,Royal Oak,Selfwinding,37,Stainless steel,"29,200",
15550SR.OO.1356SR.02,Royal Oak,Selfwinding,37,Stainless steel,"27,900",
77600TI.OO.A343CA.01,Royal Oak Offshore,Selfwinding - Music Edition,37,Titanium,"27,500",
77451ST.ZZ.1361ST.03,Royal Oak,Selfwinding,34,Stainless steel,"27,100",
77451ST.ZZ.1361ST.04,Royal Oak,Selfwinding,34,Stainless steel,"27,100",
15720ST.OO.A009CA.01,Royal Oak Offshore,Diver,42,Stainless steel,"26,500",
15720ST.OO.A027CA.01,Royal Oak Offshore,Diver,42,Stainless steel,"26,500",
15720ST.OO.A052CA.01,Royal Oak Offshore,Diver,42,Stainless steel,"26,500",
77450SR.OO.1361SR.02,Royal Oak,Selfwinding,34,Stainless steel,"25,800",
77450SR.OO.1361SR.03,Royal Oak,Selfwinding,34,Stainless steel,"25,800",
15210QT.OO.A064KB.01,Code 11.59 by Audemars Piguet,Selfwinding,41,Black ceramic,"24,900",
15510ST.OO.1320ST.06,Royal Oak,Selfwinding,41,Stainless steel,"24,900",
15510ST.OO.1320ST.07,Royal Oak,Selfwinding,41,Stainless steel,"24,900",
15510ST.OO.1320ST.08,Royal Oak,Selfwinding,41,Stainless steel,"24,900",
15510ST.OO.1320ST.09,Royal Oak,Selfwinding,41,Stainless steel,"24,900",
15510ST.OO.1320ST.10,Royal Oak,Selfwinding,41,Stainless steel,"24,900",
15550ST.OO.1356ST.06,Royal Oak,Selfwinding,37,Stainless steel,"23,800",
15550ST.OO.1356ST.07,Royal Oak,Selfwinding,37,Stainless steel,"23,800",
15550ST.OO.1356ST.08,Royal Oak,Selfwinding,37,Stainless steel,"23,800",
15605SK.OO.A350CA.01,Royal Oak Offshore,Selfwinding,43,Stainless steel,"23,800",
67651SR.ZZ.1261SR.01,Royal Oak,Quartz,33,Stainless steel,"23,500",
15210ST.OO.A056KB.01,Code 11.59 by Audemars Piguet,Selfwinding,41,Stainless steel,"22,800",
15210ST.OO.A348KB.01,Code 11.59 by Audemars Piguet,Selfwinding,41,Stainless steel,"22,800",
77450ST.OO.1361ST.02,Royal Oak,Selfwinding,34,Stainless steel,"22,800",
67651ST.ZZ.1261ST.01,Royal Oak,Quartz,33,Stainless steel,"20,400",
67650ST.OO.1261ST.01,Royal Oak,Quartz,33,Stainless steel,"15,500",